{"y":[[[42.03886,-87.75203],[42.03509,-87.75036],[42.03048,-87.74872],[42.02637,-87.74741],[42.02532,-87.74689],[42.0242,-87.74591],[42.02308,-87.7441],[42.02247,-87.7419],[42.02238,-87.73796],[42.0224,-87.72667],[42.02265,-87.71976],[42.02277,-87.71525],[42.0226,-87.70727],[42.02268,-87.70111],[42.0223,-87.69736],[42.02233,-87.69319],[42.02187,-87.68474],[42.02177,-87.67865],[42.0212,-87.67642],[42.02053,-87.67506],[42.01994,-87.67401],[42.0187,-87.67253]]],"brn":[[[41.8818,-87.63387],[41.87698,-87.62628],[41.88577,-87.62656],[41.88708,-87.63394],[41.89015,-87.63534],[41.89709,-87.63633],[41.90235,-87.63646],[41.90944,-87.63727],[41.91041,-87.64169],[41.91128,-87.64747],[41.91351,-87.65217],[41.92002,-87.65265],[41.92649,-87.65286],[41.93744,-87.65324],[41.94344,-87.65386],[41.94388,-87.66154],[41.94388,-87.67364],[41.94793,-87.67474],[41.96524,-87.67532],[41.96643,-87.67837],[41.96624,-87.6961],[41.96612,-87.71074],[41.96676,-87.71309]],[[41.9681,-87.71313],[41.96715,-87.7131],[41.96696,-87.71309],[41.96676,-87.71309]]],"blue":[[[41.97963,-87.90101],[41.97857,-87.89272],[41.9823,-87.87563],[41.98364,-87.85587],[41.98367,-87.82022],[41.98235,-87.80316],[41.97607,-87.77274],[41.96953,-87.7588],[41.96137,-87.74355],[41.94868,-87.72158],[41.94089,-87.71319],[41.92574,-87.70309],[41.91039,-87.67843],[41.89694,-87.65654],[41.88504,-87.62952],[41.87556,-87.64731],[41.87583,-87.66894],[41.87521,-87.70085],[41.87381,-87.73319],[41.87167,-87.74366],[41.87008,-87.76391],[41.87379,-87.81267],[41.87438,-87.81745]],[[41.97918,-87.90149],[41.97793,-87.90296],[41.97781,-87.90309]]],"p":[[[41.88573,-87.63062],[41.87699,-87.62645],[41.88585,-87.63393],[41.89012,-87.63529],[41.89743,-87.63654],[41.9037,-87.63704],[41.91044,-87.63994],[41.91148,-87.6477],[41.91499,-87.65251],[41.92589,-87.65271],[41.93804,-87.65326],[41.952,-87.65363],[41.95651,-87.6568],[41.97103,-87.6584],[41.99812,-87.65924],[42.00384,-87.66467],[42.01341,-87.6665],[42.02001,-87.67394],[42.02797,-87.67849],[42.04568,-87.68303],[42.05572,-87.6836],[42.0644,-87.6859],[42.07318,-87.6907]]],"red":[[[41.72288,-87.62435],[41.75459,-87.62543],[41.77481,-87.62694],[41.78562,-87.63106],[41.80819,-87.63179],[41.81926,-87.63035],[41.84569,-87.63126],[41.85392,-87.63114],[41.85976,-87.63128],[41.87593,-87.62759],[41.90396,-87.6291],[41.91857,-87.65264],[41.92579,-87.65281],[41.93708,-87.65327],[41.94903,-87.65362],[41.95391,-87.65608],[41.96547,-87.65811],[41.98214,-87.65874],[41.99778,-87.65925],[42.00305,-87.66392],[42.01024,-87.66601],[42.0167,-87.67009],[42.01962,-87.67356]],[[41.91114,-87.64973],[41.91076,-87.6492],[41.91067,-87.64907],[41.91021,-87.64842]]],"pink":[[[41.88573,-87.63062],[41.88544,-87.6263],[41.87755,-87.6261],[41.87691,-87.62975],[41.87815,-87.63372],[41.88559,-87.63395],[41.88575,-87.63661],[41.88573,-87.64414],[41.88535,-87.66703],[41.88505,-87.66996],[41.88284,-87.67017],[41.87788,-87.66978],[41.85896,-87.66924],[41.85469,-87.66966],[41.85433,-87.69208],[41.85418,-87.70361],[41.85405,-87.71514],[41.85377,-87.73448],[41.85268,-87.73658],[41.85206,-87.7392],[41.85194,-87.74664],[41.85189,-87.75411],[41.8518,-87.7585]]],"org":[[[41.87691,-87.62975],[41.88542,-87.63392],[41.88573,-87.62652],[41.8771,-87.6261],[41.87045,-87.62679],[41.86101,-87.62663],[41.8577,-87.62912],[41.85753,-87.63186],[41.85674,-87.63378],[41.85473,-87.63623],[41.84967,-87.64113],[41.84728,-87.6475],[41.84403,-87.65565],[41.83881,-87.66645],[41.83124,-87.67789],[41.8254,-87.68622],[41.81565,-87.68003],[41.80562,-87.68015],[41.80456,-87.69608],[41.80397,-87.7145],[41.79909,-87.7266],[41.79373,-87.73778],[41.78626,-87.73803]]],"g":[[[41.88685,-87.80323],[41.88707,-87.7904],[41.8873,-87.77299],[41.88747,-87.76025],[41.88706,-87.75361],[41.88496,-87.71713],[41.88429,-87.69467],[41.88523,-87.66959],[41.8857,-87.64277],[41.88572,-87.63397],[41.88551,-87.62629],[41.8762,-87.62607],[41.86829,-87.62674],[41.86032,-87.62662],[41.84382,-87.62619],[41.82223,-87.6257],[41.82168,-87.61942],[41.80674,-87.6188],[41.78701,-87.61862],[41.78659,-87.63178],[41.77921,-87.63517],[41.77902,-87.66184],[41.77898,-87.66477]],[[41.78042,-87.60713],[41.78044,-87.60597]]]}
