{"blue":[[[41.97767,-87.90423],[41.98126,-87.90058],[41.98159,-87.89628],[41.97779,-87.89171],[41.97705,-87.8896],[41.97729,-87.88772],[41.98267,-87.87463],[41.9832,-87.87194],[41.98345,-87.8613],[41.98398,-87.84568],[41.9844,-87.83562],[41.98432,-87.82528],[41.98327,-87.81773],[41.98232,-87.81304],[41.98237,-87.80307],[41.98251,-87.78651],[41.9819,-87.78307],[41.97752,-87.77524],[41.97217,-87.76572],[41.97123,-87.76269],[41.9698,-87.75919],[41.96683,-87.75397],[41.9642,-87.74976],[41.96336,-87.7476],[41.96244,-87.74503],[41.96134,-87.74343],[41.95971,-87.74122],[41.95295,-87.72918],[41.94882,-87.72181],[41.94796,-87.71993],[41.94695,-87.71868],[41.94457,-87.71727],[41.94279,-87.71594],[41.94157,-87.71394],[41.94015,-87.71242],[41.93208,-87.71215],[41.929,-87.70736],[41.92684,-87.70471],[41.92025,-87.69407],[41.91204,-87.681],[41.90515,-87.67015],[41.90147,-87.66358],[41.89706,-87.65672],[41.89303,-87.65045],[41.88911,-87.64445],[41.88585,-87.64001],[41.88573,-87.63392],[41.88575,-87.62982],[41.88552,-87.62948],[41.88077,-87.62939],[41.87689,-87.62926],[41.87567,-87.62943],[41.87552,-87.64191],[41.87584,-87.65681],[41.87589,-87.65935],[41.87566,-87.67276],[41.87554,-87.68844],[41.87539,-87.69831],[41.87509,-87.70147],[41.87418,-87.70786],[41.87398,-87.7197],[41.87378,-87.73319],[41.87244,-87.73711],[41.87175,-87.73977],[41.87157,-87.74999],[41.87136,-87.7594],[41.87049,-87.76167],[41.87008,-87.7633],[41.8705,-87.77015],[41.87146,-87.78419],[41.87337,-87.80569],[41.87382,-87.81134],[41.87366,-87.81287],[41.87375,-87.8143],[41.87415,-87.81591],[41.87427,-87.81732]]],"brn":[[[41.96794,-87.71315],[41.96608,-87.71281],[41.9661,-87.70885],[41.96617,-87.69873],[41.96626,-87.68851],[41.96643,-87.67767],[41.9658,-87.6757],[41.96458,-87.67522],[41.95453,-87.67496],[41.94597,-87.67469],[41.94405,-87.67405],[41.94369,-87.67234],[41.94392,-87.6591],[41.94381,-87.65455],[41.94293,-87.65367],[41.93894,-87.65337],[41.93446,-87.6532],[41.92871,-87.65297],[41.92173,-87.65277],[41.91377,-87.65243],[41.91172,-87.64972],[41.91152,-87.64792],[41.91072,-87.64736],[41.91034,-87.64646],[41.91042,-87.63931],[41.91,-87.6373],[41.90382,-87.63702],[41.90266,-87.6366],[41.90178,-87.6366],[41.89892,-87.63658],[41.89678,-87.63595],[41.89261,-87.63559],[41.88998,-87.63494],[41.88953,-87.63403],[41.88015,-87.63379],[41.87685,-87.63338],[41.87697,-87.62604],[41.88558,-87.62626],[41.88575,-87.62684],[41.88574,-87.63089],[41.88963,-87.63408],[41.89002,-87.63508],[41.89328,-87.6356],[41.89699,-87.63623],[41.89976,-87.63663],[41.90191,-87.63654],[41.9028,-87.63672],[41.90544,-87.63711],[41.91012,-87.63737],[41.91041,-87.63975],[41.91034,-87.64665],[41.91087,-87.64738],[41.91151,-87.64863],[41.91181,-87.64985],[41.91407,-87.65251],[41.92353,-87.65282],[41.92952,-87.653],[41.93492,-87.65322],[41.9394,-87.65338],[41.94307,-87.65375],[41.94387,-87.6547],[41.94382,-87.66362],[41.94369,-87.67264],[41.94415,-87.6742],[41.94704,-87.67474],[41.95514,-87.67498],[41.96478,-87.67522],[41.96597,-87.6759],[41.96642,-87.67864],[41.96626,-87.68947],[41.96616,-87.69954],[41.96608,-87.71028],[41.96612,-87.71293],[41.96794,-87.71315]]],"g":[[[41.88686,-87.80318],[41.88692,-87.79993],[41.88695,-87.79644],[41.88702,-87.79246],[41.88711,-87.78794],[41.8872,-87.78248],[41.88726,-87.77738],[41.88731,-87.77317],[41.88737,-87.76804],[41.88739,-87.76514],[41.88748,-87.75846],[41.88745,-87.75702],[41.88724,-87.75574],[41.88696,-87.75163],[41.8866,-87.74547],[41.88633,-87.7413],[41.88593,-87.73432],[41.88575,-87.73114],[41.88547,-87.72625],[41.88528,-87.72297],[41.88511,-87.71996],[41.88484,-87.7153],[41.88466,-87.71208],[41.88441,-87.70745],[41.8843,-87.70568],[41.88412,-87.70278],[41.88405,-87.70063],[41.88414,-87.69787],[41.88501,-87.6758],[41.88521,-87.67082],[41.88539,-87.66415],[41.88551,-87.65673],[41.88559,-87.65188],[41.88567,-87.64736],[41.88571,-87.64281],[41.88573,-87.63516],[41.88574,-87.63089],[41.88575,-87.62982],[41.88575,-87.62684],[41.88573,-87.62643],[41.88558,-87.62626],[41.88323,-87.62619],[41.87697,-87.62604],[41.87511,-87.62611],[41.87471,-87.62641],[41.87422,-87.62674],[41.87379,-87.6268],[41.86574,-87.62657],[41.8584,-87.62646],[41.85333,-87.62641],[41.82786,-87.62579],[41.82206,-87.6256],[41.82179,-87.62517],[41.8218,-87.62354],[41.8218,-87.6196],[41.82148,-87.6192],[41.8187,-87.6191],[41.8106,-87.61886],[41.80637,-87.61868],[41.80393,-87.61859],[41.79704,-87.61837],[41.79154,-87.61823],[41.7873,-87.61818],[41.78701,-87.61856],[41.78691,-87.62412],[41.78683,-87.62942],[41.78672,-87.63138],[41.78648,-87.63186],[41.78614,-87.63204],[41.78191,-87.63203],[41.78046,-87.63202],[41.78,-87.63246],[41.77931,-87.63354],[41.77915,-87.63565],[41.77903,-87.64495],[41.77922,-87.64639],[41.779,-87.66157],[41.77896,-87.66385]],[[41.88686,-87.80318],[41.88692,-87.79993],[41.88695,-87.79644],[41.88702,-87.79246],[41.88711,-87.78794],[41.8872,-87.78248],[41.88726,-87.77738],[41.88731,-87.77317],[41.88737,-87.76804],[41.88739,-87.76514],[41.88748,-87.75846],[41.88745,-87.75702],[41.88724,-87.75574],[41.88696,-87.75163],[41.8866,-87.74547],[41.88633,-87.7413],[41.88593,-87.73432],[41.88575,-87.73114],[41.88547,-87.72625],[41.88528,-87.72297],[41.88511,-87.71996],[41.88484,-87.7153],[41.88466,-87.71208],[41.88441,-87.70745],[41.8843,-87.70568],[41.88412,-87.70278],[41.88405,-87.70063],[41.88414,-87.69787],[41.88501,-87.6758],[41.88521,-87.67082],[41.88539,-87.66415],[41.88551,-87.65673],[41.88559,-87.65188],[41.88567,-87.64736],[41.88571,-87.64281],[41.88573,-87.63516],[41.88574,-87.63089],[41.88575,-87.62982],[41.88575,-87.62684],[41.88573,-87.62643],[41.88558,-87.62626],[41.88323,-87.62619],[41.87697,-87.62604],[41.87511,-87.62611],[41.87471,-87.62641],[41.87422,-87.62674],[41.87379,-87.6268],[41.86574,-87.62657],[41.8584,-87.62646],[41.85333,-87.62641],[41.82786,-87.62579],[41.82206,-87.6256],[41.82179,-87.62517],[41.8218,-87.62354],[41.8218,-87.6196],[41.82148,-87.6192],[41.8187,-87.6191],[41.8106,-87.61886],[41.80637,-87.61868],[41.80393,-87.61859],[41.79704,-87.61837],[41.79154,-87.61823],[41.78477,-87.61802],[41.78023,-87.61791],[41.7801,-87.61709],[41.78032,-87.60586]]],"org":[[[41.78662,-87.73796],[41.79339,-87.73798],[41.79481,-87.73661],[41.79612,-87.73402],[41.80317,-87.71677],[41.80412,-87.71363],[41.80434,-87.70674],[41.80464,-87.68688],[41.80477,-87.68181],[41.80553,-87.68017],[41.80667,-87.67956],[41.81426,-87.67973],[41.81611,-87.68019],[41.82427,-87.68569],[41.82544,-87.68622],[41.8265,-87.6857],[41.82889,-87.68175],[41.83585,-87.67079],[41.83936,-87.66532],[41.84493,-87.65358],[41.84579,-87.65066],[41.84798,-87.64579],[41.84959,-87.64123],[41.85269,-87.63801],[41.85685,-87.63358],[41.8576,-87.63131],[41.8578,-87.62713],[41.85813,-87.62655],[41.8619,-87.62651],[41.87379,-87.6268],[41.87433,-87.62669],[41.87491,-87.62623],[41.8757,-87.62598],[41.87692,-87.62821],[41.87687,-87.63345],[41.87727,-87.63369],[41.88441,-87.63389],[41.88575,-87.6302],[41.88575,-87.62888],[41.88574,-87.62651],[41.88558,-87.62626],[41.88204,-87.62616],[41.87539,-87.626],[41.87479,-87.62633],[41.87422,-87.62674],[41.87362,-87.6268],[41.86017,-87.62648],[41.85807,-87.6266],[41.85776,-87.62727],[41.85755,-87.63159],[41.85658,-87.63398],[41.85168,-87.63891],[41.84882,-87.64282],[41.84769,-87.64654],[41.84555,-87.65143],[41.84464,-87.65434],[41.8389,-87.66625],[41.83412,-87.67326],[41.8273,-87.6843],[41.82629,-87.68591],[41.82526,-87.68621],[41.82319,-87.68494],[41.81569,-87.68001],[41.8119,-87.67967],[41.80641,-87.67961],[41.80532,-87.68043],[41.80472,-87.68212],[41.8046,-87.6911],[41.80429,-87.7098],[41.80403,-87.71413],[41.80262,-87.71814],[41.79583,-87.73479],[41.79455,-87.73697],[41.79323,-87.73806],[41.78662,-87.73796]]],